text,label
"Shooting sports is hard, everything is blurry",photography
Swing dance night: my lindy hop swing-outs are getting smoother,dance
Anatomy of hands is my eternal nemesis,art
Singing lessons over video call actually work pretty well,singing
Rule of thirds or center composition for this one?,photography
Border crossing by bus took 6 hours,travel
"Just pre-ordered the sequel, can't wait",gaming
Bread proofing in the oven with the light on,cooking
"My linework is so shaky, any exercises?",art
How long should vocal warmups be before a gig?,singing
Ending theme is a certified skip-never,anime
Pickling vegetables from the garden,cooking
Spent three hours debugging a typo,coding
TypeScript types are saving me from myself,coding
Writing group critique was harsh but useful,writing
Black and white conversion brought out the texture,photography
Watching with Japanese subtitles to practice my Japanese,anime
My voice teacher made me sing lying on the floor for breath control,singing
"Auditioned for the community musical, fingers crossed",singing
Learning the 8 counts for a K-pop cover and the footwork is brutal,dance
Copied a master painting to learn brushwork,art
Modding my favorite RPG to add new quests,gaming
"Learned a 32-count combo in one class, proud of that",dance
Rowing machine intervals are underrated,fitness
Found a tiny cafe that doesn't show up on any map,travel
Missed my train but found a beautiful village instead,travel
Anyone else get stage fright right before the curtain goes up at a recital?,dance
Mechanical keyboard vs membrane for gaming?,gaming
"My voice cracks every time I switch into head voice, help",singing
"Earn $5000 a week working from home, click the link in bio",off_topic
Our a cappella group just arranged a new medley,singing
My calluses are finally forming,music
Urban sketching trip in the old town,art
Handheld console is perfect for my commute,gaming
"Started yoga for mobility, my hamstrings are so tight",fitness
"Stuck on this puzzle for an hour, no walkthroughs allowed",gaming
Baked a birthday cake with three layers,cooking
Finally got the shot I've been chasing for weeks,photography
Anyone else lose their voice after a long rehearsal?,singing
"Congratulations you have won a prize, verify your account here",off_topic
"Violin practice, my intonation is improving",music
Recorded a karaoke version and my pitch was all over the place,singing
"Teacher said I need to lead from the chest, not the hips",dance
"Manga readers please no spoilers, I'm only on season 2",anime
"Vim or VS Code, fight",coding
My clan is recruiting for the new season,gaming
Dub or sub? I'm team sub but the dub cast is great for this one,anime
How do you stop your colors from getting muddy?,art
"Lost my keys somewhere on Main Street, reward if found",off_topic
"Art block for two weeks, doodling to get out of it",art
"Drum fills are my weak spot, working on them",music
How do you outline without losing the fun of discovery?,writing
"Watched the movie in theaters, the sakuga was unreal",anime
Haiku a day keeps writer's block away,writing
"Rest day, my legs have filed a formal complaint",fitness
VR headset makes me dizzy after 20 minutes,gaming
Mecha shows deserve more love,anime
"Leg day tomorrow, dreading it already",fitness
"Songwriting session, wrote the whole chorus",music
Can someone help me with my taxes?,off_topic
"Buy cheap followers now!!! Limited offer, DM me",off_topic
Learning functional programming concepts,coding
Rehearsal room booked for the band tomorrow,music
Trying to get better at build order in strategy games,gaming
Code review comments were brutal but fair,coding
Studio lighting setup with one softbox,photography
Recommend me something like my favorite isekai but less generic,anime
"Squad wiped the final boss on attempt 47, worth it",gaming
The neighbors are having a loud party again,off_topic
Chasing reflections in puddles after the rain,photography
Word count goal hit for the week,writing
Piano sight reading is getting easier,music
Freestyled at a wedding and people actually cheered,dance
Gospel choir rehearsal gave me chills,singing
Ukulele is so easy to pick up,music
Packing cubes changed my life,travel
"Dentist appointment tomorrow, wish me luck",off_topic
Anyone else think the new tax law is unfair?,off_topic
Chocolate tempering is so finicky,cooking
Crying over a side character's backstory at 2am again,anime
"Fan art of my favorite game character, took 10 hours",art
Cast iron seasoning tips?,cooking
Sketchbook page from this morning's coffee shop session,art
"Edited this in Lightroom, went for a moody look",photography
Gym was packed so I did calisthenics in the park,fitness
Mastered the perfect omelette,cooking
Music theory: finally understanding modes,music
What's everyone having for lunch?,off_topic
Freewriting for 15 minutes to warm up,writing
Night market photos with lots of neon,photography
"Form check on my squat please, I think my knees cave",fitness
Leetcode streak day 30,coding
What shoes do you wear for practicing on concrete?,dance
"Salsa social tonight, my follower said my lead was smooth 🥹",dance
Vegan brownies that actually taste good,cooking
The open world is gorgeous but the map is too big,gaming
Practicing ear training with intervals,music
Wide angle for the mountain panorama,photography
My internet provider keeps dropping the connection,off_topic
Tried scuba diving on vacation,travel
"Game jam this weekend, making a platformer in 48 hours",coding
"Mountain hut stay with no wifi, perfect",travel
Built a CLI tool to automate my boring tasks,coding
Any tips for remembering long choreography sequences?,dance
Which controller do you prefer for fighting games?,gaming
Hostel roommates became travel buddies,travel
Gym buddy keeps me accountable,fitness
Leading lines in this architecture shot,photography
Focus stacking for sharp product photos,photography
The filler arc was actually kind of good?,anime
Metronome at 60 bpm until it's perfect,music
Rewriting my backend in a new framework,coding
"Signed my first painting, felt official",art
"Pixel art indie gem, only 5 hours but perfect",gaming
Palette knife landscapes are so satisfying,art
Visit my online store for discounted watches,off_topic
"Looper pedal jam, layering everything myself",music
Kizomba connection with a good partner feels like floating,dance
Fermenting kimchi at home,cooking
"Printed my best photo big, it looks amazing on the wall",photography
Started watching slice of life shows to relax after work,anime
"Killed off a beloved character, readers are mad",writing
"Self-publishing vs traditional, thoughts?",writing
Travel journal filled with ticket stubs,travel
Color theory is finally making sense to me,art
Camping under the stars in the desert,travel
"Coding bootcamp week 4, brain is full",coding
Vocal fry warmups before rock songs help me,singing
My portfolio website is finally done,coding
Critique welcome: does the composition feel balanced?,art
Learned to sing with a mic properly at the open mic tonight,singing
"Binged 24 episodes this weekend, no regrets",anime
Pitch training app says I'm 15 cents flat on average,singing
Acrylic pour turned out way better than expected,art
Follow for follow? Let's grow together,off_topic
"Figure drawing class, gesture sketches in 30 seconds each",art
Personal essay about my grandfather got published,writing
Indie roguelike I found is eating all my free time,gaming
Macro shot of a bee on a flower,photography
Query letter draft number seven,writing
Mixing tip: cut the low end on everything but bass and kick,music
"Restringing my guitar, what gauge do you use?",music
"Esports finals tonight, who are you rooting for?",gaming
How do you stop your arms from flailing during turns?,dance
Is it too late to start ballroom at 35?,dance
"Finished my first oil painting, it took three weeks",art
Muscle ups are the next goal,fitness
Finally sang in front of my family without hiding in another room,singing
Cooked a three course meal for my partner,cooking
Journaling every night for a month now,writing
Pull-ups: went from zero to five in two months,fitness
Released my EP on streaming platforms,music
"Beat the game on hardest difficulty, hands are shaking",gaming
Terminal customization rabbit hole,coding
"Barbershop quartet practice, our chords are ringing",singing
Speedpaint timelapse of my latest piece,art
Retro night: playing old cartridges on the original console,gaming
Unlocked the secret ending!,gaming
Weather is so gloomy this week,off_topic
Local family hosted me for dinner,travel
Struggling with pacing in the middle act,writing
Leveling an alt character just for the storyline,gaming
Budget travel tips for expensive cities?,travel
Charcoal smudges on everything I own,art
"Meal prepped for the whole week, future me says thanks",cooking
Screenplay formatting is so specific,writing
Frame rate drops in the city area are killing me,gaming
"Stock market is crashing, sell everything",off_topic
Looking for a roommate starting next month,off_topic
My dishwasher is making a weird noise,off_topic
Marathon training block starts Monday,fitness
Flash fiction challenge: 100 words exactly,writing
Our group just nailed the formation changes in the chorus,dance
Building a compiler as a learning project,coding
Recorded the routine from three angles to check my lines,dance
Lag in the tournament cost us the match,gaming
Island hopping by ferry,travel
"Cello practice every evening, neighbors love it",music
Composing a piece for string quartet,music
Children's picture book manuscript done,writing
The API returns 500 only in production,coding
Achievement hunting is my new obsession,gaming
"Gig at the pub on Friday, first time with the new setlist",music
"The ink bled through the paper, lesson learned",art
Glacier hike with crampons,travel
"Aperture, shutter, ISO: the exposure triangle finally makes sense",photography
Tripod saved my night shots,photography
My code works and I don't know why,coding
"Choreographed my first piece for the showcase, feeling nervous",dance
Harmonizing with my sister on car rides is the best,singing
"Sight singing is so hard, intervals everywhere",singing
"New PR on deadlifts today, slow progress is still progress",fitness
"Rehearsed until midnight, show is tomorrow",dance
Blue hour cityscape from the bridge,photography
Set up CI so tests run on every push,coding
Homemade pizza night with a 72-hour dough,cooking
Night market in the city was buzzing,travel
Blind contour drawings are weirdly relaxing,art
Drew my cat every day this month,art
Lost my luggage but made it work with a carry-on,travel
Check out my OnlyFans link,off_topic
Git merge conflict ruined my afternoon,coding
What lens should I get for portraits on a budget?,photography
Golden hour on the way home made the commute worth it,photography
"Warm up sets matter, pulled a muscle skipping them",fitness
"Collected all the figures from the series, shelf is full",anime
"My protagonist feels flat, any character tips?",writing
Walking tour of the historic district,travel
Wildlife photography: waited 3 hours for the heron,photography
Hit my step goal every day this month,fitness
Mastering is black magic,music
Show don't tell finally makes sense,writing
Learning to read drum notation,music
"Progress photos side by side, visible change!",fitness
"Loan approved instantly, no credit check",off_topic
"Open mic tonight, doing an acoustic cover of Jolene",singing
Recording vocals at home: closet full of clothes is the best booth,singing
Stippling takes forever but looks amazing,art
Learning data structures for interviews,coding
Sold my first beat online!,music
Just had the worst customer service experience at the bank,off_topic
Traffic on the highway is terrible today,off_topic
Road trip along the coast this weekend,travel
"Filmed my popping routine, the isolations look cleaner than I thought",dance
"Cinnamon rolls rising, house smells amazing",cooking
Our raid team finally cleared the hardest dungeon,gaming
Making dumplings with my grandma's recipe,cooking
Meal prepping chicken and rice for the week of training,fitness
Astrophotography attempt: the milky way was faint but there,photography
Tried drawing fan art of the main cast,anime
Krumping session left me drenched but so happy,dance
Drone shots of the coastline look unreal,photography
Plank challenge: 3 minutes today,fitness
Episode 7 twist completely blindsided me,anime
"Caramel seized again, sugar is tricky",cooking
"Tried a new curry recipe, spice level was perfect",cooking
"Sous vide steak, edge to edge medium rare",cooking
CSS centering still haunts me,coding
DM me for cheap designer bags,off_topic
Somewhere between two time zones right now and loving it,travel
Coach changed my program to focus on hypertrophy,fitness
Swimming laps is my favorite cardio,fitness
SQL joins clicked today,coding
Plating practice to make dinner look fancy,cooking
Airport lounge hack for long layovers,travel
Contributing to open source for the first time,coding
Cosplaying my favorite character at the con next month,anime
Planning an itinerary for two weeks in Japan,travel
Anime club at school is watching a psychological thriller this week,anime
Click here to claim your free vacation,off_topic
"Just renewed my passport, the line was so long",off_topic
"NaNoWriMo day 9, at 15k words",writing
Bench press stuck at the same weight for weeks,fitness
Commission finished for a friend's birthday,art
Keyboard shortcuts are making me faster,coding
"Pointe shoes arrived, breaking them in slowly",dance
Point of view: first person or close third?,writing
"Film roll came back from the lab, half of them are blurry",photography
Tuning my drums properly changed the sound completely,music
Travel insurance saved me when I got sick abroad,travel
Portrait session with my friend in the park,photography
Async await finally clicked,coding
"Lip trills and sirens every morning, 10 minutes, huge difference",singing
Studio Ghibli marathon with my kids tonight,anime
"My first wedding as second shooter, exhausting but fun",photography
Is creatine worth it?,fitness
"New patch nerfed my main, back to the drawing board",gaming
How many rest days a week do you take?,fitness
My range expanded by almost a full step this year,singing
Waiting a whole year for the next cour is painful,anime
Guitar pedalboard build finally done,music
Packing list for a winter trip?,travel
Finally hit diamond rank in ranked after grinding all season,gaming
Sore for three days after the new routine,fitness
"New chord progression stuck in my head, recording a demo tonight",music
"Perspective drawing of my street, vanishing points everywhere",art
Best way to avoid jet lag on long flights?,travel
Battle prep: working on transitions between power moves and footwork,dance
Which synth plugin do you use for pads?,music
Floor work on hardwood leaves bruises everywhere haha,dance
Docker finally makes sense,coding
"Free iPhone giveaway, just share this post",off_topic
Sunday roast with all the trimmings,cooking
"Solo trip to a new country, nervous and excited",travel
Wrote a letter to my future self,writing
"Ballet barre work is humbling, my pliés are shaky",dance
Watercolor wash went wrong so I turned it into a sunset,art
Sourdough starter is alive and bubbling,cooking
"The romcom finally had them confess, took 3 seasons",anime
Tacos al pastor on the stovetop,cooking
The high note in the bridge still scares me,singing
Fog at sunrise made the landscape magical,photography
Cycling 50km this weekend with the club,fitness
"Underexposed by two stops, rescued it in editing",photography
Revising the ending for the third time,writing
Grilled vegetables on the barbecue,cooking
The boss fight music slaps,gaming
This villain is the best written antagonist I've seen,anime
Submitted a short story to a literary magazine,writing
Making my own stock from chicken bones,cooking
Made fresh pasta from scratch for the first time,cooking
"My landlord raised the rent again, so annoying",off_topic
Stir fry with leftover rice for dinner,cooking
Hot take: the manga ending was better than the adaptation,anime
Power outage in our neighborhood since last night,off_topic
Ran my first 10k without stopping,fitness
What's your go-to song for karaoke night?,singing
Falsetto practice is making my upper range lighter,singing
"Boxing class for cardio, so fun",fitness
"Deployed my app to the cloud, it's live!",coding
"Morning run at 6am, empty streets, great vibe",fitness
Choir rehearsal: the altos finally nailed that harmony,singing
Wrote my first unit tests and found two bugs immediately,coding
Street food tour in the old city was incredible,travel
"Speedrunning the first level, got my time under two minutes",gaming
Did the TikTok trend with my little sister and she did it better,dance
Anyone else's backlog growing faster than they can play?,gaming
"Server maintenance right when I had free time, typical",gaming
"Macarons cracked, what went wrong?",cooking
"Fanfiction chapter posted, comments are so kind",writing
Stretching every morning finally got me closer to my splits,dance
"Job opening at my company, send your resume",off_topic
"Digital painting on my tablet, still learning brushes",art
Improvising over a 12 bar blues,music
Finally landed a clean double pirouette after three weeks of drilling it,dance
Tracking macros is tedious but it works,fitness
Couch to 5k week 6 done,fitness
"Rewatching the series in sub this time, the voice acting hits different",anime
Value studies in grayscale before adding color,art
Homemade ramen broth simmered for 12 hours,cooking
Need a lawyer recommendation for a parking ticket,off_topic
Digital nomad month working from a beach town,travel
Writing at 5am before work is my only quiet time,writing
Memory leak hunt took all night,coding
Level design in this platformer is genius,gaming
Hit a wall on chapter three so I skipped to chapter five,writing
Breath support exercises are boring but they work,singing
Signed up for a trail running race,fitness
Bought the art book and the key frames are gorgeous,anime
Lost 5kg since January with consistency,fitness
"Spice rack reorganized, now I can find everything",cooking
Studio mirror was fogged up tonight but the choreo is finally sticking,dance
Should I learn Rust or Go next?,coding
Just finished the final arc and I'm not okay,anime
Photo walk with the local club this Sunday,photography
Wrote a scraper to track prices,coding
Honey and warm water or is that a myth?,singing
"Selling my old sofa, pickup only, message me",off_topic
"Dialogue is my strength, description is my weakness",writing
Train pass across Europe was worth every cent,travel
Automated my home lights with a Raspberry Pi,coding
Cheapest flights are always on Tuesday?,travel
"Tried singing opera for the first time, my diaphragm hurts",singing
Knife skills class: my onion dice is finally even,cooking
My hip hop crew is entering the regional battle next month,dance
Finished mixing my first track in the DAW,music
"Hundred percent completion, every collectible found",gaming
Hit 100kg squat for the first time,fitness
Posted my photo essay about my grandmother's village,photography
How do you get crispy skin on salmon?,cooking
Printmaking class: carved my first linocut,art
Mixed media collage with old magazines,art
Cool down after rehearsal is non negotiable for my knees,dance
Saxophone reed choice matters so much,music
Anyone know a good plumber in the area?,off_topic
Writing prompts saved me from a slump,writing
Hot take on the election results,off_topic
Pair programming session taught me so much,coding
Busking downtown with my ukulele and voice today,singing
Mixed voice finally clicked in lesson today!,singing
Waacking arms are so fast I keep losing count,dance
Vocal coach says I'm pushing chest voice way too high,singing
Protein shake recommendations that don't taste like chalk?,fitness
"Push day: bench, overhead press, dips",fitness
"Recorded a cover and posted it, 3 likes, I'll take it",singing
Hiked to the viewpoint at sunrise,travel
Built a discord bot for my friends,coding
"Long exposure of the waterfall, silky smooth",photography
Transcribed a jazz solo by ear,music
"Sensor dust spots on every photo, time to clean",photography
Our band recorded a live session in the garage,music
"My aim is so inconsistent in shooters, any drills?",gaming
"Deload week, lifting lighter and feeling fresh",fitness
Car insurance quotes are ridiculous this year,off_topic
"Baking bread without a mixer, kneading is a workout",cooking
"Co-op campaign with my brother, we keep falling off the same ledge",gaming
"Throat feels tight when I sing low, is that normal?",singing
"Built a to-do app, the classic first project",coding
"Scales on vowels only, no words, for a week straight",singing
My histogram is always clipping the highlights,photography
Worldbuilding a magic system with real costs,writing
Shooting in manual mode is starting to click,photography
Kettlebell swings are a full body burner,fitness
My plot has a hole the size of a truck,writing
Knife sharpening with a whetstone,cooking
Backpacking through the mountains with just a 40 liter pack,travel
"Burnt the garlic again, starting over",cooking
Produced a lo-fi beat on my laptop,music
Sports anime got me into volleyball in real life,anime
"Watched the recital video, my timing was a half count late",dance
The story twist in the final chapter got me,gaming
"Street photography downtown, candid moments everywhere",photography
"Trying gouache for the first time, messier than watercolor",art
"Found a wallet at the bus stop, trying to return it",off_topic
The soundtrack composer is a genius,anime
Musicality workshop changed how I hear the beat,dance
Paella in a proper pan finally,cooking
Smoked a brisket for 14 hours,cooking
"Inktober day 12, running out of ideas",art
Researching the 1920s for my historical novel,writing
Does anyone know what time the pharmacy closes?,off_topic
"Jam session with the band, we wrote a new riff",music
My villain's motivation finally makes sense,writing
"Got my first rejection letter, framing it",writing
Soulslike games are teaching me patience,gaming
Back home and already planning the next trip,travel
Shot through a prism for some rainbow flares,photography
Regex that works on the first try doesn't exist,coding
"Built my first gaming PC, cable management is a nightmare",gaming
Hackathon team won second place!,coding
Mobility routine fixed my lower back pain,fitness
The fight choreography in episode 12 was insane,anime
"Ferry to the fjords, the views were unreal",travel
Arranging a cover with new chords,music
The new choreographer pushes us hard but the piece is beautiful,dance
Finished the first draft of my novel!,writing
"Poetry slam tonight, reading my new piece",writing
Promote your business with our SEO services,off_topic
Farming materials for three hours for one upgrade,gaming
Blog post about my writing process,writing
The time skip redesigns are so good,anime
Pastel pencils are underrated,art
Sculpting a small clay figure for the first time,art
That opening song has been stuck in my head for a week,anime
Learning to paint skies with just three colors,art
Visited my 30th country this year!,travel
Wrote a poem on the train this morning,writing
Trying double exposures in camera,photography
"Crypto presale ending soon, 100x guaranteed 🚀🚀",off_topic
My pull request got merged!,coding
Learning to sing and play guitar at the same time is so hard,singing
Get rich quick with this one simple trick,off_topic
Hitchhiked with a kind trucker across the valley,travel
Off by one errors are my nemesis,coding
The crafting system in this survival game is so deep,gaming
Recipe testing for my food blog,cooking
Watch order for this franchise is so confusing,anime
Beta readers loved the twist!,writing
My jazz leaps finally have height after all those plyometrics,dance
"Irish dance feis this weekend, curls and all",dance
"First attempt at laminated dough, butter everywhere but it worked",cooking
The power system in this shonen makes zero sense but I love it,anime
Sampling vinyl records for a hip hop beat,music
Gallery accepted two of my paintings for the exhibition,art
Finally shipped the side project I've been tinkering with for months,coding
Why is my recursive function hitting max depth?,coding
"Orchestra rehearsal, the brass section was loud",music
Rewrote the opening line for the tenth time,writing
Rented a scooter to explore the countryside,travel
Rage quit after the fifth checkpoint reset,gaming
Learning barre chords on guitar is painful,music
Hit a high C in warmups today without straining,singing
My art teacher said to stop outlining everything,art
"Performed a duet at the wedding, nobody noticed my shaky start",singing
Parkrun personal best this Saturday,fitness
Instant film camera at the party was a hit,photography
My croissants finally have layers,cooking
Bachata footwork drill for 20 minutes a day really helps,dance
Learning a few phrases in the local language helps so much,travel
"Stream went well tonight, 30 viewers!",gaming
Played at the open stage on keys,music
Painted a mural on my bedroom wall,art
Couchsurfing experience was amazing,travel
"Canvas stretched and primed, ready to start",art
"Sang the national anthem at my kid's game, nervous but proud",singing
Finished a still life of fruit and a vase,art
Who else is tired of Mondays,off_topic
My vibrato finally feels natural instead of forced,singing
"Portrait study: the eyes are good, the mouth is off",art
Soup season: roasted tomato soup today,cooking
"Top 3 openings of all time, go",anime
"Competition in two weeks, resting my voice until then",singing
"My phone battery dies so fast, what should I do?",off_topic
Selling prints at the local art fair this weekend,art
"Shot the whole trip on my phone, still pretty happy",photography
Cut 10k words from the draft and it's better,writing
Which studio do you think has the best animation right now?,anime
Overnight train through the countryside,travel
Made butter from scratch just to see,cooking
Took my first contemporary class and I have never felt so uncoordinated lol,dance
"Refactored the whole module, deleted 500 lines",coding
Visa application process was a nightmare,travel
My cat knocked over my coffee this morning,off_topic
Fingerpicking pattern is finally smooth,music
Is a full frame upgrade worth it for hobbyists?,photography
The OVA explains so much about the side characters,anime
"Bought a used prime lens, the bokeh is creamy",photography
Walked 20k steps exploring the hills,fitness
Short story anthology accepted my piece,writing
Editing is where the real writing happens,writing
Slow cooked beef stew all afternoon,cooking
Why do all protagonists have spiky hair lol,anime
"Bought a secondhand bass, the tone is warm",music
"Tap class today, my shuffle ball changes are finally even",dance
"MIDI keyboard arrived, time to make music",music
Foam rolling after every workout now,fitness
"Convention haul: posters, keychains, and a plushie",anime
My comfort show is a cooking anime about a family,anime
Belting without hurting my throat is still a mystery,singing
Spotting is the secret. Once I fixed my spotting I stopped getting dizzy,dance
Breaking practice: windmills are destroying my back but worth it,dance
Sunset from the temple steps,travel
Seasonal lineup this fall looks stacked,anime
"Light novel is way ahead of the show, tempted to read it",anime
Couch multiplayer party game night was chaos,gaming
Golden retriever portraits for my neighbor,photography
Tried a HIIT class and nearly passed out,fitness
Practiced scales for an hour and my fingers are done,music
Performed in the flash mob downtown today!,dance
Seinen shows hit harder as an adult,anime
